[
    {
        "user_name": "user name, email, password, first name, last name,birth date.",
        "email": ""
    },
    {
        "user_name": "user name, email, password, first name, last name,birth date."
    },
    {
        "user_name": "user name, email, password, first name, last name,birth date.5\",",
        "password": "\"12345678\",",
        "email": "\"joseph.gringoire9482@gmail.com\","
    },
    {
        "user_name": "user name, email, password, first name, last name,birth date."
    },
    {
        "user_name": "user name, email, password, first name, last name,birth date."
    },
    {
        "user_name": "user name, email, password, first name, last name,birth date."
    },
    {
        "user_name": "user name, email, password, first name, last name,birth date."
    },
    {
        "user_name": "user name, email, password, first name, last name,birth date."
    },
    {
        "user_name": "user name, email, password, first name, last name,birth date."
    },
    {
        "user_name": "user name, email, password, first name, last name,birth date.",
        "email": ""
    }
]